[
	{
		"src": "1.jpg",
		"title": "掉香缘渣饼",
		"description": "掉渣饼1份，提供免费WiFi",
		"sales": 26476,
		"price": 6.9,
		"originPrice": 10,
		"evaluate": 4.3,
		"storeName": "掉香缘渣饼（明珠店）",
		"storeAddress": "西城区横二条西单明珠市场8层",
		"storeNum": 6,
		"id": 1,
		"validateTime": "2017.4.27 至 2019.10.26（周末、法定节假日通用）",
		"useTime": "10:00-24:00",
		"rules": [
			"团购用户不可同时享受商家其他优惠",
			"每张美团券建议4至6人使用",
			"酒水饮料等问题，请致电商家咨询，以商家反馈为准",
			"店内无包间",
			"无需预约，消费高峰期可能需要等位",
			"商家提供免费WiFi",
			"堂食外带均可，可以打包, 提供免费打包服务",
			"停车位收费标准：详情咨询商家"
		],
		"content": "一直找不到以为西单没有了，结果西单明珠8层意外发现居然还有折扣原价10元现价6.9惊喜吧，口味还是原来的那么好吃，而且人不多不用排队，下次路过还要吃。掉了一桌小肉渣",
		"ags":988,
		"gode": "好好"
	 },
	{
		"src": "5.jpg",
		"title": "东来顺饭店",
		"description": "东来顺四人餐，有赠品",
		"sales": 21374,
		"price": 238,
		"originPrice": 634,
		"evaluate": 4.2,
		"storeName": "东来顺饭店（大珊栏店）",
		"storeAddress": "西城区大珊栏7号吉龙老删栏商城...",
		"storeNum": 3,
		"id": 2,
		"validateTime": "2017.2.28 至 2019.5.31（周末、法定节假日通用）",
		"useTime": "10:00-14:00,17:00-21:30",
		"rules": [
			"团购用户不可同时享受商家其他优惠",
			"每张美团券建议4至6人使用",
			"酒水饮料等问题，请致电商家咨询，以商家反馈为准",
			"如部分菜品因时令或其他不可抗因素导致无法提供，商家会用等价菜品替换，具体事宜请与商家协商",
			"不可使用包间",
			"请提前2小时购买预约",
			"商家提供免费WiFi",
			"每桌最大使用1张美团券",
			"每张美团券建议4人使用",
			"停车位收费标准：详情咨询商家"
		],
		"content": "一家三口，第一次来北京，来到了前门大街，必须吃吃东来顺，从服务到菜品都非常好，不虚此行 三口人吃四人餐，根本吃不完，性价比超高",
		"ags": 3525,
		"gode": "在天坛游玩结束，团购完先去的天坛附近的店，等到位置了说团购不到2个小时不能用餐，没办法又去的前面店，菜品可以，三个人吃的很饱，团购价格优惠，推荐旅游的朋友们。"
	},
	{
		"src": "3.jpg",
		"title": "华莱士",
		"description": "鸡腿堡+薯条+中杯可乐1份",
		"sales": 6778,
		"price": 13,
		"originPrice": 31,
		"evaluate": 4.1,
		"storeName": "华莱士炸鸡汉堡（回龙观店）",
		"storeAddress": "昌平区回龙观西大街35号院2号楼...",
		"storeNum": 17,	
		"id": 3,
		"validateTime": "2018.5.4 至 2019.3.30（周末、法定节假日通用）",
		"useTime": "11:00-21:00，部分门店仅支持外带打包，敬请谅解",
		"rules": [
			"团购用户不可同时享受商家其他优惠",
			"店内无包间",
			"无需预约，消费高峰期可能需要等位",
			"商家提供免费WiFi",
			"每张美团券建议1人使用",
			"堂食外带均可，可以免费打包"
		],
		"content": "华莱士是一家名副其实的快餐店，主要以便捷快速为主，上菜速度很快，到那儿基本不用等，直接就上了，然后这个套餐呢，虽然分量不算太足吧，但是填饱肚子充饥还是足够了",
		"ags": 3525,
		"gode": "挺好的，提前做好的，不会凉，很好吃。划算！"
	},
	{
		"src": "7.jpg",
		"title": "奶茶嫁给粉",
		"description": "10元代金券，可叠加",
		"sales": 67850,
		"price": 8.8,
		"originPrice": 10,
		"evaluate": 4.3,
		"storeName": "奶茶嫁给粉（大昌平区万科广场店）",
		"storeAddress": "昌平区龙域中街1号院1号楼4层...",
		"storeNum": 9,
		"id": 4,
		"validateTime": "2015.9.22 至 2019.4.9",
		"useTime": "10:30-21:30，大红门点营业时间：10:30-17:00",
		"rules": [
			"团购用户不可同时享受商家其他优惠",
			"可免费使用包间",
			"无需预约，消费高峰期可能需要等位",
			"商家提供免费WiFi",
			"可叠加使用",
			"不兑现、不找零",
			"堂食外带均可，可以免费打包"
		],
		"content": "感觉还可以吧，莫名的喜欢他们家，不知道是因为店名还是味道，服务总是让我感觉舒服，叫人愿意消费，今天在店员的推荐下点了她们的特色饼，店里人员不是很多，但是特别干净",
		"ags": 3420,
		"gode": "整洁，特别用心的把饼给切成块状，实用比较方便，超级用心，我还会带朋友一起去，强烈推荐，"
	},
	{
		"src": "7.jpg",
		"title": "马路边边串串香",
		"description": "10元代金券，可叠加",
		"sales": 1415,
		"price": 95,
		"originPrice": 100,
		"evaluate": 3.4,
		"storeName": "马路边边串串香（望京一店）",
		"storeAddress": "朝阳区花家地街1号楼1层...",
		"storeNum": 2,
		"id": 5,
		"validateTime": "2018.12.3 至 2019.4.1",
		"useTime": "11:00-次日01:00",
		"rules": [
			"团购用户不可同时享受商家其他优惠",
			"可免费使用包间",
			"无需预约，消费高峰期可能需要等位",
			"酒水饮料等问题，请致电商家咨询，以商家反馈为准",
			"停车位收费标准：详情咨询商家",
			"商家提供免费WiFi",
			"可叠加使用",
			"不兑现、不找零",
			"仅限堂食，不提供餐前外带，餐毕未吃完可打包。打包费用详情请咨询商家"
		],
		"content": "感觉还可以吧，莫名的喜欢他们家，不知道是因为店名还是味道，服务总是让我感觉舒服，叫人愿意消费，今天在店员的推荐下点了她们的特色饼，店里人员不是很多，但是特别干净",
		"ags": 34,
		"gode": "整洁，特别用心的把饼给切成块状，实用比较方便，超级用心，我还会带朋友一起去，强烈推荐，"
	},
	{
		"src": "4.jpg",
		"title": "虾吃虾涮虾火锅",
		"description": "100元代金券1张，可叠加2张",
		"sales": 1162,
		"price": 88,
		"originPrice": 100,
		"evaluate": 3.9,
		"storeName": "虾吃虾涮虾火锅（清河旗舰店）",
		"storeAddress": "海淀区黑泉兴美大厦底京都...",
		"storeNum": 2,
		"id": 6,
		"validateTime": "2018.5.16 至 2019.4.12",
		"useTime": "10:00-22:00",
		"rules": [
			"团购用户不可同时享受商家其他优惠",
			"可免费使用包间",
			"无需预约，消费高峰期可能需要等位",
			"酒水饮料等问题，请致电商家咨询，以商家反馈为准",
			"停车位收费标准：详情咨询商家",
			"商家提供免费WiFi",
			"最多可叠加2张使用",
			"不兑现、不找零",
			"仅限堂食，不提供餐前外带，餐毕未吃完可打包。打包费用详情请咨询商家"
		],
		"content": "感觉还可以吧，莫名的喜欢他们家，不知道是因为店名还是味道，服务总是让我感觉舒服，叫人愿意消费，今天在店员的推荐下点了她们的特色饼，店里人员不是很多，但是特别干净",
		"ags": 34,
		"gode": "整洁，特别用心的把饼给切成块状，实用比较方便，超级用心，我还会带朋友一起去，强烈推荐，"
	},
	{
		"src": "8.jpg",
		"title": "西焱牛排自助",
		"description": "经典牛排自助餐",
		"sales": 3643,
		"price": 73,
		"originPrice": 78,
		"evaluate": 3.7,
		"storeName": "西焱牛排自助（珠江摩尔店）",
		"storeAddress": "昌平区北清路珠江摩尔8号楼...",
		"storeNum": 2,
		"id": 7,
		"validateTime": "2018.5.16 至 2019.4.12 （周末、法定节假日通用）",
		"useTime": "10:00-22:00",
		"rules": [
			"团购用户不可同时享受商家其他优惠",
			"可免费使用包间",
			"无需预约，消费高峰期可能需要等位",
			"酒水饮料等问题，请致电商家咨询，以商家反馈为准",
			"停车位收费标准：详情咨询商家",
			"商家提供免费WiFi",
			"部分菜品因时令原因有所不同，请以店内当日实际供应为准"
		],
		"content": "第一次在北京吃自助 也是第一次在北京写美团的评价 昨天在附近逛完街 在大众点评搜到的这家店 就来吃了 价格73是可以接受的 因为刚来北京不了解北京自助餐的价格 ",
		"ags": 96,
		"gode": "整洁，特别用心的把饼给切成块状，实用比较方便，超级用心，我还会带朋友一起去，强烈推荐，"
	},
	{
		"src": "6.jpg",
		"title": "全聚德",
		"description": "经典烤鸭自助餐",
		"sales": 3643,
		"price": 73,
		"originPrice": 78,
		"evaluate": 3.7,
		"storeName": "全聚德（珠江摩尔店）",
		"storeAddress": "昌平区北清路珠江摩尔8号楼...",
		"storeNum": 2,
		"id": 8,
		"validateTime": "2018.5.16 至 2019.4.12 （周末、法定节假日通用）",
		"useTime": "10:00-22:00",
		"rules": [
			"团购用户不可同时享受商家其他优惠",
			"可免费使用包间",
			"无需预约，消费高峰期可能需要等位",
			"酒水饮料等问题，请致电商家咨询，以商家反馈为准",
			"停车位收费标准：详情咨询商家",
			"商家提供免费WiFi",
			"部分菜品因时令原因有所不同，请以店内当日实际供应为准"
		],
		"content": "第一次在北京吃自助 也是第一次在北京写美团的评价 昨天在附近逛完街 在大众点评搜到的这家店 就来吃了 价格73是可以接受的 因为刚来北京不了解北京自助餐的价格 ",
		"ags": 96,
		"gode": "整洁，特别用心的把饼给切成块状，实用比较方便，超级用心，我还会带朋友一起去，强烈推荐，"
	},
	{
		"src": "9.jpg",
		"title": "兰州拉面",
		"description": "经典拉面",
		"sales": 3643,
		"price": 73,
		"originPrice": 78,
		"evaluate": 3.7,
		"storeName": "兰州拉面（白庙西街）",
		"storeAddress": "昌平区北七家镇白庙村西街停车场店",
		"storeNum": 2,
		"id": 9,
		"validateTime": "2018.5.16 至 2019.4.12 （周末、法定节假日通用）",
		"useTime": "10:00-22:00",
		"rules": [
			"团购用户不可同时享受商家其他优惠",
			"可免费使用包间",
			"无需预约，消费高峰期可能需要等位",
			"酒水饮料等问题，请致电商家咨询，以商家反馈为准",
			"停车位收费标准：详情咨询商家",
			"商家提供免费WiFi",
			"部分菜品因时令原因有所不同，请以店内当日实际供应为准"
		],
		"content": "第一次在北京吃自助 也是第一次在北京写美团的评价 昨天在附近逛完街 在大众点评搜到的这家店 就来吃了 价格73是可以接受的 因为刚来北京不了解北京自助餐的价格 ",
		"ags": 96,
		"gode": "整洁，特别用心的把饼给切成块状，实用比较方便，超级用心，我还会带朋友一起去，强烈推荐，"
	},
	{
		"src": "99.jpg",
		"title": "河间驴肉火烧",
		"description": "天上驴肉，地下龙肉",
		"sales": 3643,
		"price": 73,
		"originPrice": 78,
		"evaluate": 3.7,
		"storeName": "河间驴肉火烧（白庙西街）",
		"storeAddress": "昌平区北七家镇白庙村西街停车场店",
		"storeNum": 2,
		"id": 10,
		"validateTime": "2018.5.16 至 2019.4.12 （周末、法定节假日通用）",
		"useTime": "10:00-22:00",
		"rules": [
			"团购用户不可同时享受商家其他优惠",
			"可免费使用包间",
			"无需预约，消费高峰期可能需要等位",
			"酒水饮料等问题，请致电商家咨询，以商家反馈为准",
			"停车位收费标准：详情咨询商家",
			"商家提供免费WiFi",
			"部分菜品因时令原因有所不同，请以店内当日实际供应为准"
		],
		"content": "第一次在北京吃自助 也是第一次在北京写美团的评价 昨天在附近逛完街 在大众点评搜到的这家店 就来吃了 价格73是可以接受的 因为刚来北京不了解北京自助餐的价格 ",
		"ags": 96,
		"gode": "整洁，特别用心的把饼给切成块状，实用比较方便，超级用心，我还会带朋友一起去，强烈推荐，"
	}
]

