[

  {
    "shopname": "汉堡王（北京珠江摩尔店）",
    "poiid": "42434655",
    "imageurl": "https://img.meituan.net/msmerchant/60246fae46c860a1e786f244e8155f1b1550431.jpg",
    "imd": "昌平区北清路1号珠江摩尔国际6号楼1F商铺（永旺国际商城）",
    "daijingquan": 2,
    "imgUrl": "https://img.meituan.net/msmerchant/60246fae46c860a1e786f244e8155f1b1550431.jpg",
    "price": 10,
    "solds": 38779,
    "originPrice": 19,
    "imgUrl1": "https://img.meituan.net/msmerchant/60246fae46c860a1e786f244e8155f1b1550431.jpg",
    "price1": 10,
    "solds1": 1079,
    "tuangou": "3",
    "originPrice11": 19,
    "dealtitle": "爱豆香草心地+薯霸王（小）",
    "price11": 10,
    "solds111": 19020,
    "originPrice111": 19,
    "dealtitle2": "小皇堡+双层香脆鸡排堡",
    "price2": 26,
    "originPrice2": 35,
    "solds2": 3503,
    "originPrice3": 100,
    "dealtitle3": "单人小皇堡套餐",
    "price113": 13,
    "originPrice113": 25,
    "solds1113": 3523,
    "url": "//p1.meituan.net/deal/5d1bbc04831878fd84822d6f0f80ec18319996.jpg",
    "caipin": "小皇堡+双层香脆鸡排堡 单人小皇堡套餐 爱豆香草心地+薯霸王（小）",
    "count": 614,
    "isPositive": 1,
    "tag": "上菜快",
    "count1": 409,
    "isPositive1": 1,
    "tag1": "回头客",
    "count2": 389,
    "isPositive2": 1,
    "tag2": "干净卫生",
    "count3": 340,
    "isPositive3": 1,
    "tag3": "高大上",
    "count4": 400,
    "isPositive4": 1,
    "tag4": "请客",
    "count5": 200,
    "isPositive5": 1,
    "tag5": "朋友聚餐",
    "count6": 803,
    "isPositive6": 1,
    "tag6": "家庭聚餐",
    "comment": "非常棒的五人团购套餐，性价比高，第一次来中关村的东来顺饭庄，地理位置非常方便寻找，停车场还算比较方便，餐厅环境真的很好，传统的古色古香风格，而且餐厅空间很大哦😃！...",
    "username": "kevin豆豆",
    "feedbacktime": "2019-02-21",
    "orderid": 14538,
    "mname00": "邮电会议中心阳坊大都涮肉",
    "mtitle00": "四人套餐，提供免费WiFi",
    "range00": "北京大学",
    "squareimgurl00": "//p1.meituan.net/deal/__39584080__7046693.jpg",
    "solds00": 4115,
    "price00": 178,
    "mname11": "全聚德",
    "mtitle11": "精品烤鸭3-4人餐1份",
    "range11": "天安门广场",
    "squareimgurl1": "//p1.meituan.net/deal/ebee186962d71b90044b46422df4faa540449.jpg",
    "solds11": 3051,
    "price011": 418,
    "mname22": "京都老北京涮肉",
    "mtitle22": "精品烤鸭3-4人餐1份",
    "range22": "前门/大栅栏",
    "squareimgurl22": "//p1.meituan.net/deal/d0f7f839bed9d7f11ac8fde92019bb0353728.jpg",
    "solds22": 4115,
    "price22": 118,
    "mname33": "九门轩烤鸭店",
    "mtitle33": "烤鸭2-3人餐，提供免费WiFi",
    "range33": "前门/大栅栏",
    "squareimgurl33": "//p1.meituan.net/deal/f8584d03ff2f0bc81fb2cf2975508bad54403.jpg",
    "solds0133": 26632,
    "price33": 123,
    "shopName11": "镇三关重庆老火锅(工体旗舰店)",
    "imgUrl0111": "https://img.meituan.net/msmerchant/bce80f1ae76807f5eb133489909a12c1133814.jpg",
    "region11": "火锅",
    "star11": 5,
    "distanceLabel11": ">5km",
    "shopName22": "重庆疯子火锅(悠乐汇店)",
    "imgUrl022": "https://img.meituan.net/msmerchant/63626a412d6c7e2d99ffd28d1a4f93f144295.jpg",
    "region22": "火锅",
    "star22": 4.6,
    "distanceLabel22": ">5km",
    "shopName33": "宽板凳老灶火锅(清华同方店)",
    "imgUrl0133": "https://img.meituan.net/msmerchant/0cc61bab1e2cebc03fda055c1ee784e31128317.png",
    "region33": "火锅",
    "star33": 4,
    "distanceLabel33": ">5km"
  },
  {
    "shopname": "东方宫中国兰州牛肉拉面（珠江摩尔店）",
    "poiid": "179733765",
    "imageurl": "https://img.meituan.net/msmerchant/ac1f102602e8a4486770c7e2bb1f0af0857725.png",
    "imd": "昌平区北清路珠江摩尔3号楼底商",
    "daijingquan": 2,
    "imgUrl": "https://img.meituan.net/msmerchant/ac1f102602e8a4486770c7e2bb1f0af0857725.png",
    "price": 30,
    "solds": 38779,
    "originPrice": 40,
    "imgUrl1": "https://img.meituan.net/msmerchant/ac1f102602e8a4486770c7e2bb1f0af0857725.png",
    "price1": 50,
    "solds1": 1079,
    "tuangou": "3",
    "originPrice11": 80,
    "dealtitle": "酸奶",
    "price11": 4.99,
    "solds111": 19020,
    "originPrice111": 8,
    "dealtitle2": "东方拉面单人餐",
    "price2": 24,
    "originPrice2": 35,
    "solds2": 3503,
    "originPrice3": 30,
    "dealtitle3": "东方宫拉面双人餐",
    "price113": 46,
    "originPrice113": 60,
    "solds1113": 3523,
    "url": "https://img.meituan.net/msmerchant/ac1f102602e8a4486770c7e2bb1f0af0857725.png",
    "caipin": "4.99元东方宫超值酸奶，24元东方宫拉面单人餐，43元东方宫拉面双人B，46元东方宫拉面双人餐，174元东方宫烤羊腿套餐，182元东方宫烤羊排套餐",
    "count": 614,
    "isPositive": 1,
    "tag": "上菜快",
    "count1": 409,
    "isPositive1": 1,
    "tag1": "回头客",
    "count2": 389,
    "isPositive2": 1,
    "tag2": "干净卫生",
    "count3": 340,
    "isPositive3": 1,
    "tag3": "高大上",
    "count4": 400,
    "isPositive4": 1,
    "tag4": "请客",
    "count5": 200,
    "isPositive5": 1,
    "tag5": "朋友聚餐",
    "count6": 803,
    "isPositive6": 1,
    "tag6": "家庭聚餐",
    "comment": "非常棒，地理位置非常方便寻找，停车场还算比较方便，餐厅环境真的很好，传统的古色古香风格，而且餐厅空间很大哦😃！...",
    "username": "kevin豆豆",
    "feedbacktime": "2019-02-21",
    "orderid": 14538,
    "mname00": "邮电会议中心阳坊大都涮肉",
    "mtitle00": "四人套餐，提供免费WiFi",
    "range00": "北京大学",
    "squareimgurl00": "//p1.meituan.net/deal/__39584080__7046693.jpg",
    "solds00": 4115,
    "price00": 178,
    "mname11": "全聚德",
    "mtitle11": "精品烤鸭3-4人餐1份",
    "range11": "天安门广场",
    "squareimgurl1": "//p1.meituan.net/deal/ebee186962d71b90044b46422df4faa540449.jpg",
    "solds11": 3051,
    "price011": 418,
    "mname22": "京都老北京涮肉",
    "mtitle22": "精品烤鸭3-4人餐1份",
    "range22": "前门/大栅栏",
    "squareimgurl22": "//p1.meituan.net/deal/d0f7f839bed9d7f11ac8fde92019bb0353728.jpg",
    "solds22": 4115,
    "price22": 118,
    "mname33": "九门轩烤鸭店",
    "mtitle33": "烤鸭2-3人餐，提供免费WiFi",
    "range33": "前门/大栅栏",
    "squareimgurl33": "//p1.meituan.net/deal/f8584d03ff2f0bc81fb2cf2975508bad54403.jpg",
    "solds0133": 26632,
    "price33": 123,
    "shopName11": "镇三关重庆老火锅(工体旗舰店)",
    "imgUrl0111": "https://img.meituan.net/msmerchant/bce80f1ae76807f5eb133489909a12c1133814.jpg",
    "region11": "火锅",
    "star11": 5,
    "distanceLabel11": ">5km",
    "shopName22": "重庆疯子火锅(悠乐汇店)",
    "imgUrl022": "https//img.meituan.net/msmerchant/63626a412d6c7e2d99ffd28d1a4f93f144295.jpg",
    "region22": "火锅",
    "star22": 4.6,
    "distanceLabel22": ">5km",
    "shopName33": "宽板凳老灶火锅(清华同方店)",
    "imgUrl0133": "https://img.meituan.net/msmerchant/0cc61bab1e2cebc03fda055c1ee784e31128317.png",
    "region33": "火锅",
    "star33": 4,
    "distanceLabel33": ">5km"
  },
  {
    "shopname": "便宜坊（酒仙桥798艺术区店）",
    "poiid": "79687233",
    "imageurl": "https://qcloud.dpfile.com/pc/UUHNodgPsy7PWEhYNkyCQlnzoSB4-tTQMn1biudr9Qdy5FM_Wpu2Ej-J_QSUviwYZL-FkmTKq-_4gFCeps46Kg.jpg",
    "imd": "昌平区北清路珠江摩尔3号楼底商",
    "daijingquan": 2,
    "imgUrl": "https://qcloud.dpfile.com/pc/UUHNodgPsy7PWEhYNkyCQlnzoSB4-tTQMn1biudr9Qdy5FM_Wpu2Ej-J_QSUviwYZL-FkmTKq-_4gFCeps46Kg.jpg",
    "price": 90,
    "solds": 38779,
    "originPrice": 130,
    "imgUrl1": "https://qcloud.dpfile.com/pc/UUHNodgPsy7PWEhYNkyCQlnzoSB4-tTQMn1biudr9Qdy5FM_Wpu2Ej-J_QSUviwYZL-FkmTKq-_4gFCeps46Kg.jpg",
    "price1": 50,
    "solds1": 1079,
    "tuangou": "3",
    "originPrice11": 70,
    "dealtitle": "超值A套餐",
    "price11": 50,
    "solds111": 19020,
    "originPrice111": 80,
    "dealtitle2": "超值B套餐",
    "price2": 70,
    "originPrice2": 35,
    "solds2": 3503,
    "originPrice3": 90,
    "dealtitle3": "超值c套餐",
    "price113": 40,
    "originPrice113": 50,
    "solds1113": 3523,
    "url": "https://p1.meituan.net/200.0/deal/95ca040bff820a1112a207b57a5944c583536.jpg",
    "caipin": "多个超值套餐任选，双人餐208元，4人餐469元，6人餐888元",
    "count": 614,
    "isPositive": 1,
    "tag": "上菜快",
    "count1": 409,
    "isPositive1": 1,
    "tag1": "回头客",
    "count2": 389,
    "isPositive2": 1,
    "tag2": "干净卫生",
    "count3": 340,
    "isPositive3": 1,
    "tag3": "高大上",
    "count4": 400,
    "isPositive4": 1,
    "tag4": "请客",
    "count5": 200,
    "isPositive5": 1,
    "tag5": "朋友聚餐",
    "count6": 803,
    "isPositive6": 1,
    "tag6": "家庭聚餐",
    "comment": "非常棒，地理位置非常方便寻找，停车场还算比较方便，餐厅环境真的很好，传统的古色古香风格，而且餐厅空间很大哦😃！...",
    "username": "kevin豆豆",
    "feedbacktime": "2019-02-21",
    "orderid": 14538,
    "mname00": "邮电会议中心阳坊大都涮肉",
    "mtitle00": "四人套餐，提供免费WiFi",
    "range00": "北京大学",
    "squareimgurl00": "//p1.meituan.net/deal/__39584080__7046693.jpg",
    "solds00": 4115,
    "price00": 178,
    "mname11": "全聚德",
    "mtitle11": "精品烤鸭3-4人餐1份",
    "range11": "天安门广场",
    "squareimgurl1": "//p1.meituan.net/deal/ebee186962d71b90044b46422df4faa540449.jpg",
    "solds11": 3051,
    "price011": 418,
    "mname22": "京都老北京涮肉",
    "mtitle22": "精品烤鸭3-4人餐1份",
    "range22": "前门/大栅栏",
    "squareimgurl22": "//p1.meituan.net/deal/d0f7f839bed9d7f11ac8fde92019bb0353728.jpg",
    "solds22": 4115,
    "price22": 118,
    "mname33": "九门轩烤鸭店",
    "mtitle33": "烤鸭2-3人餐，提供免费WiFi",
    "range33": "前门/大栅栏",
    "squareimgurl33": "//p1.meituan.net/deal/f8584d03ff2f0bc81fb2cf2975508bad54403.jpg",
    "solds0133": 26632,
    "price33": 123,
    "shopName11": "镇三关重庆老火锅(工体旗舰店)",
    "imgUrl0111": "https://img.meituan.net/msmerchant/bce80f1ae76807f5eb133489909a12c1133814.jpg",
    "region11": "火锅",
    "star11": 5,
    "distanceLabel11": ">5km",
    "shopName22": "重庆疯子火锅(悠乐汇店)",
    "imgUrl022": "//img.meituan.net/msmerchant/63626a412d6c7e2d99ffd28d1a4f93f144295.jpg",
    "region22": "火锅",
    "star22": 4.6,
    "distanceLabel22": ">5km",
    "shopName33": "宽板凳老灶火锅(清华同方店)",
    "imgUrl0133": "https://img.meituan.net/msmerchant/0cc61bab1e2cebc03fda055c1ee784e31128317.png",
    "region33": "火锅",
    "star33": 4,
    "distanceLabel33": ">5km"
  },
  {
    "shopname": "御腾醉成都串串香（珠江摩尔店）",
    "poiid": "181727421",
    "imageurl": "https://img.meituan.net/msmerchant/570bc1c0c6937ceda2fe6bd40c77519d50203.jpg",
    "imd": "回龙观",
    "daijingquan": 2,
    "imgUrl": "https://p1.meituan.net/deal/0924a9465be21a4f33723d5bcdcd06fd121426.jpg",
    "price": 90,
    "solds": 38779,
    "originPrice": 130,
    "imgUrl1": "https://p1.meituan.net/deal/0924a9465be21a4f33723d5bcdcd06fd121426.jpg",
    "price1": 50,
    "solds1": 1079,
    "tuangou": "3",
    "originPrice11": 70,
    "dealtitle": "六人欢乐餐",
    "price11": 426,
    "solds111": 19020,
    "originPrice111": 539,
    "dealtitle2": "双人随心餐",
    "price2": 138,
    "originPrice2": 177,
    "solds2": 3503,
    "originPrice3": 90,
    "dealtitle3": "单人餐",
    "price113": 69,
    "originPrice113": 87,
    "solds1113": 3523,
    "url": "https://img.meituan.net/msmerchant/570bc1c0c6937ceda2fe6bd40c77519d50203.jpg",
    "caipin": "69.8元单人餐，138元双人随心餐，278.88元四人豪华餐，426元六人欢乐餐",
    "count": 614,
    "isPositive": 1,
    "tag": "上菜快",
    "count1": 409,
    "isPositive1": 1,
    "tag1": "回头客",
    "count2": 389,
    "isPositive2": 1,
    "tag2": "干净卫生",
    "count3": 340,
    "isPositive3": 1,
    "tag3": "高大上",
    "count4": 400,
    "isPositive4": 1,
    "tag4": "请客",
    "count5": 200,
    "isPositive5": 1,
    "tag5": "朋友聚餐",
    "count6": 803,
    "isPositive6": 1,
    "tag6": "家庭聚餐",
    "comment": "非常棒，地理位置非常方便寻找，停车场还算比较方便，餐厅环境真的很好，传统的古色古香风格，而且餐厅空间很大哦😃！...",
    "username": "kevin豆豆",
    "feedbacktime": "2019-02-21",
    "orderid": 14538,
    "mname00": "邮电会议中心阳坊大都涮肉",
    "mtitle00": "四人套餐，提供免费WiFi",
    "range00": "北京大学",
    "squareimgurl00": "//p1.meituan.net/deal/__39584080__7046693.jpg",
    "solds00": 4115,
    "price00": 178,
    "mname11": "全聚德",
    "mtitle11": "精品烤鸭3-4人餐1份",
    "range11": "天安门广场",
    "squareimgurl1": "//p1.meituan.net/deal/ebee186962d71b90044b46422df4faa540449.jpg",
    "solds11": 3051,
    "price011": 418,
    "mname22": "京都老北京涮肉",
    "mtitle22": "精品烤鸭3-4人餐1份",
    "range22": "前门/大栅栏",
    "squareimgurl22": "//p1.meituan.net/deal/d0f7f839bed9d7f11ac8fde92019bb0353728.jpg",
    "solds22": 4115,
    "price22": 118,
    "mname33": "九门轩烤鸭店",
    "mtitle33": "烤鸭2-3人餐，提供免费WiFi",
    "range33": "前门/大栅栏",
    "squareimgurl33": "//p1.meituan.net/deal/f8584d03ff2f0bc81fb2cf2975508bad54403.jpg",
    "solds0133": 26632,
    "price33": 123,
    "shopName11": "镇三关重庆老火锅(工体旗舰店)",
    "imgUrl0111": "https://img.meituan.net/msmerchant/bce80f1ae76807f5eb133489909a12c1133814.jpg",
    "region11": "火锅",
    "star11": 5,
    "distanceLabel11": ">5km",
    "shopName22": "重庆疯子火锅(悠乐汇店)",
    "imgUrl022": "//img.meituan.net/msmerchant/63626a412d6c7e2d99ffd28d1a4f93f144295.jpg",
    "region22": "火锅",
    "star22": 4.6,
    "distanceLabel22": ">5km",
    "shopName33": "宽板凳老灶火锅(清华同方店)",
    "imgUrl0133": "https://img.meituan.net/msmerchant/0cc61bab1e2cebc03fda055c1ee784e31128317.png",
    "region33": "火锅",
    "star33": 4,
    "distanceLabel33": ">5km"
  },
  {
    "shopname": "Lady西餐",
    "poiid": "152521023",
    "imageurl": "https://p1.meituan.net/scarlett/158d11b30cf4036e30d5909bcf7b274646863.png",
    "imd": "回龙观",
    "daijingquan": 2,
    "imgUrl": "//p1.meituan.net/scarlett/158d11b30cf4036e30d5909bcf7b274646863.png",
    "price": 90,
    "solds": 720,
    "originPrice": 130,
    "imgUrl1": "//p1.meituan.net/scarlett/158d11b30cf4036e30d5909bcf7b274646863.png",
    "price1": 50,
    "solds1": 1079,
    "tuangou": "3",
    "originPrice11": 70,
    "dealtitle": "蛋糕",
    "price11": 29,
    "solds111": 19020,
    "originPrice111": 50,
    "dealtitle2": "单人餐7元起",
    "price2": 7,
    "originPrice2": 30,
    "solds2": 3503,
    "originPrice3": 90,
    "dealtitle3": "多人餐20元起",
    "price113": 20,
    "originPrice113": 90,
    "solds1113": 3523,
    "url": "https://p1.meituan.net/deal/2c3487cace8c4334f6798a5a026e2f9741746.jpg",
    "caipin": "满园春色178元，浓情蜜意178元，心愿盒子178元，梦幻黑森林188元",
    "count": 614,
    "isPositive": 1,
    "tag": "上菜快",
    "count1": 409,
    "isPositive1": 1,
    "tag1": "回头客",
    "count2": 389,
    "isPositive2": 1,
    "tag2": "干净卫生",
    "count3": 340,
    "isPositive3": 1,
    "tag3": "高大上",
    "count4": 400,
    "isPositive4": 1,
    "tag4": "请客",
    "count5": 200,
    "isPositive5": 1,
    "tag5": "朋友聚餐",
    "count6": 803,
    "isPositive6": 1,
    "tag6": "家庭聚餐",
    "comment": "非常棒，地理位置非常方便寻找，停车场还算比较方便，餐厅环境真的很好，传统的古色古香风格，而且餐厅空间很大哦😃！...",
    "username": "kevin豆豆",
    "feedbacktime": "2019-02-21",
    "orderid": 14538,
    "mname00": "邮电会议中心阳坊大都涮肉",
    "mtitle00": "四人套餐，提供免费WiFi",
    "range00": "北京大学",
    "squareimgurl00": "//p1.meituan.net/deal/__39584080__7046693.jpg",
    "solds00": 4115,
    "price00": 178,
    "mname11": "全聚德",
    "mtitle11": "精品烤鸭3-4人餐1份",
    "range11": "天安门广场",
    "squareimgurl1": "//p1.meituan.net/deal/ebee186962d71b90044b46422df4faa540449.jpg",
    "solds11": 3051,
    "price011": 418,
    "mname22": "京都老北京涮肉",
    "mtitle22": "精品烤鸭3-4人餐1份",
    "range22": "前门/大栅栏",
    "squareimgurl22": "//p1.meituan.net/deal/d0f7f839bed9d7f11ac8fde92019bb0353728.jpg",
    "solds22": 4115,
    "price22": 118,
    "mname33": "九门轩烤鸭店",
    "mtitle33": "烤鸭2-3人餐，提供免费WiFi",
    "range33": "前门/大栅栏",
    "squareimgurl33": "//p1.meituan.net/deal/f8584d03ff2f0bc81fb2cf2975508bad54403.jpg",
    "solds0133": 26632,
    "price33": 123,
    "shopName11": "镇三关重庆老火锅(工体旗舰店)",
    "imgUrl0111": "https://img.meituan.net/msmerchant/bce80f1ae76807f5eb133489909a12c1133814.jpg",
    "region11": "火锅",
    "star11": 5,
    "distanceLabel11": ">5km",
    "shopName22": "重庆疯子火锅(悠乐汇店)",
    "imgUrl022": "//img.meituan.net/msmerchant/63626a412d6c7e2d99ffd28d1a4f93f144295.jpg",
    "region22": "火锅",
    "star22": 4.6,
    "distanceLabel22": ">5km",
    "shopName33": "宽板凳老灶火锅(清华同方店)",
    "imgUrl0133": "https://img.meituan.net/msmerchant/0cc61bab1e2cebc03fda055c1ee784e31128317.png",
    "region33": "火锅",
    "star33": 4,
    "distanceLabel33": ">5km"
  },
  {
    "shopname": "亿家华联生活超市",
    "poiid": "114997776",
    "imageurl": "//p0.meituan.net/deal/fa3aebb846d764c4e146c6dcfeee83aa342700.2e9e518c-132f-4e38-86dc-0502de6a1809",
    "imd": "回龙观",
    "daijingquan": 2,
    "imgUrl": "//p1.meituan.net/scarlett/158d11b30cf4036e30d5909bcf7b274646863.png",
    "price": 90,
    "solds": 720,
    "originPrice": 130,
    "imgUrl1": "//p1.meituan.net/scarlett/158d11b30cf4036e30d5909bcf7b274646863.png",
    "price1": 50,
    "solds1": 1079,
    "tuangou": "3",
    "originPrice11": 70,
    "dealtitle": "蛋糕",
    "price11": 29,
    "solds111": 19020,
    "originPrice111": 50,
    "dealtitle2": "单人餐7元起",
    "price2": 7,
    "originPrice2": 30,
    "solds2": 3503,
    "originPrice3": 90,
    "dealtitle3": "多人餐20元起",
    "price113": 20,
    "originPrice113": 90,
    "solds1113": 3523,
    "url": "https://p1.meituan.net/deal/2c3487cace8c4334f6798a5a026e2f9741746.jpg",
    "caipin": "满园春色178元，浓情蜜意178元，心愿盒子178元，梦幻黑森林188元",
    "count": 614,
    "isPositive": 1,
    "tag": "上菜快",
    "count1": 409,
    "isPositive1": 1,
    "tag1": "回头客",
    "count2": 389,
    "isPositive2": 1,
    "tag2": "干净卫生",
    "count3": 340,
    "isPositive3": 1,
    "tag3": "高大上",
    "count4": 400,
    "isPositive4": 1,
    "tag4": "请客",
    "count5": 200,
    "isPositive5": 1,
    "tag5": "朋友聚餐",
    "count6": 803,
    "isPositive6": 1,
    "tag6": "家庭聚餐",
    "comment": "非常棒，地理位置非常方便寻找，停车场还算比较方便，餐厅环境真的很好，传统的古色古香风格，而且餐厅空间很大哦😃！...",
    "username": "kevin豆豆",
    "feedbacktime": "2019-02-21",
    "orderid": 14538,
    "mname00": "邮电会议中心阳坊大都涮肉",
    "mtitle00": "四人套餐，提供免费WiFi",
    "range00": "北京大学",
    "squareimgurl00": "//p1.meituan.net/deal/__39584080__7046693.jpg",
    "solds00": 4115,
    "price00": 178,
    "mname11": "全聚德",
    "mtitle11": "精品烤鸭3-4人餐1份",
    "range11": "天安门广场",
    "squareimgurl1": "//p1.meituan.net/deal/ebee186962d71b90044b46422df4faa540449.jpg",
    "solds11": 3051,
    "price011": 418,
    "mname22": "京都老北京涮肉",
    "mtitle22": "精品烤鸭3-4人餐1份",
    "range22": "前门/大栅栏",
    "squareimgurl22": "//p1.meituan.net/deal/d0f7f839bed9d7f11ac8fde92019bb0353728.jpg",
    "solds22": 4115,
    "price22": 118,
    "mname33": "九门轩烤鸭店",
    "mtitle33": "烤鸭2-3人餐，提供免费WiFi",
    "range33": "前门/大栅栏",
    "squareimgurl33": "//p1.meituan.net/deal/f8584d03ff2f0bc81fb2cf2975508bad54403.jpg",
    "solds0133": 26632,
    "price33": 123,
    "shopName11": "镇三关重庆老火锅(工体旗舰店)",
    "imgUrl0111": "https://img.meituan.net/msmerchant/bce80f1ae76807f5eb133489909a12c1133814.jpg",
    "region11": "火锅",
    "star11": 5,
    "distanceLabel11": ">5km",
    "shopName22": "重庆疯子火锅(悠乐汇店)",
    "imgUrl022": "//img.meituan.net/msmerchant/63626a412d6c7e2d99ffd28d1a4f93f144295.jpg",
    "region22": "火锅",
    "star22": 4.6,
    "distanceLabel22": ">5km",
    "shopName33": "宽板凳老灶火锅(清华同方店)",
    "imgUrl0133": "https://img.meituan.net/msmerchant/0cc61bab1e2cebc03fda055c1ee784e31128317.png",
    "region33": "火锅",
    "star33": 4,
    "distanceLabel33": ">5km"
  },
  {
    "shopname": "金凤成祥（北农路店）",
    "poiid": "1662017",
    "imageurl": "https://p1.meituan.net/scarlett/158d11b30cf4036e30d5909bcf7b274646863.png",
    "imd": "回龙观",
    "daijingquan": 2,
    "imgUrl": "//p1.meituan.net/scarlett/158d11b30cf4036e30d5909bcf7b274646863.png",
    "price": 90,
    "solds": 38779,
    "originPrice": 130,
    "imgUrl1": "//p1.meituan.net/scarlett/158d11b30cf4036e30d5909bcf7b274646863.png",
    "price1": 50,
    "solds1": 1079,
    "tuangou": "3",
    "originPrice11": 70,
    "dealtitle": "蛋糕",
    "price11": 29,
    "solds111": 19020,
    "originPrice111": 50,
    "dealtitle2": "单人餐7元起",
    "price2": 7,
    "originPrice2": 30,
    "solds2": 3503,
    "originPrice3": 90,
    "dealtitle3": "多人餐20元起",
    "price113": 20,
    "originPrice113": 90,
    "solds1113": 3523,
    "url": "https://p1.meituan.net/deal/2c3487cace8c4334f6798a5a026e2f9741746.jpg",
    "caipin": "满园春色178元，浓情蜜意178元，心愿盒子178元，梦幻黑森林188元",
    "count": 614,
    "isPositive": 1,
    "tag": "上菜快",
    "count1": 409,
    "isPositive1": 1,
    "tag1": "回头客",
    "count2": 389,
    "isPositive2": 1,
    "tag2": "干净卫生",
    "count3": 340,
    "isPositive3": 1,
    "tag3": "高大上",
    "count4": 400,
    "isPositive4": 1,
    "tag4": "请客",
    "count5": 200,
    "isPositive5": 1,
    "tag5": "朋友聚餐",
    "count6": 803,
    "isPositive6": 1,
    "tag6": "家庭聚餐",
    "comment": "非常棒，地理位置非常方便寻找，停车场还算比较方便，餐厅环境真的很好，传统的古色古香风格，而且餐厅空间很大哦😃！...",
    "username": "kevin豆豆",
    "feedbacktime": "2019-02-21",
    "orderid": 14538,
    "mname00": "邮电会议中心阳坊大都涮肉",
    "mtitle00": "四人套餐，提供免费WiFi",
    "range00": "北京大学",
    "squareimgurl00": "//p1.meituan.net/deal/__39584080__7046693.jpg",
    "solds00": 4115,
    "price00": 178,
    "mname11": "全聚德",
    "mtitle11": "精品烤鸭3-4人餐1份",
    "range11": "天安门广场",
    "squareimgurl1": "//p1.meituan.net/deal/ebee186962d71b90044b46422df4faa540449.jpg",
    "solds11": 3051,
    "price011": 418,
    "mname22": "京都老北京涮肉",
    "mtitle22": "精品烤鸭3-4人餐1份",
    "range22": "前门/大栅栏",
    "squareimgurl22": "//p1.meituan.net/deal/d0f7f839bed9d7f11ac8fde92019bb0353728.jpg",
    "solds22": 4115,
    "price22": 118,
    "mname33": "九门轩烤鸭店",
    "mtitle33": "烤鸭2-3人餐，提供免费WiFi",
    "range33": "前门/大栅栏",
    "squareimgurl33": "//p1.meituan.net/deal/f8584d03ff2f0bc81fb2cf2975508bad54403.jpg",
    "solds0133": 26632,
    "price33": 123,
    "shopName11": "镇三关重庆老火锅(工体旗舰店)",
    "imgUrl0111": "https://img.meituan.net/msmerchant/bce80f1ae76807f5eb133489909a12c1133814.jpg",
    "region11": "火锅",
    "star11": 5,
    "distanceLabel11": ">5km",
    "shopName22": "重庆疯子火锅(悠乐汇店)",
    "imgUrl022": "//img.meituan.net/msmerchant/63626a412d6c7e2d99ffd28d1a4f93f144295.jpg",
    "region22": "火锅",
    "star22": 4.6,
    "distanceLabel22": ">5km",
    "shopName33": "宽板凳老灶火锅(清华同方店)",
    "imgUrl0133": "https://img.meituan.net/msmerchant/0cc61bab1e2cebc03fda055c1ee784e31128317.png",
    "region33": "火锅",
    "star33": 4,
    "distanceLabel33": ">5km"
  },
  {
    "shopname": "炉石披萨（华北电力大学店）",
    "poiid": "157287955",
    "imageurl": "https://img.meituan.net/msmerchant/9e3ebcb256bfae7f4dd981944eb7e089441172.jpg",
    "imd": "回龙观",
    "daijingquan": 2,
    "imgUrl": "//p1.meituan.net/scarlett/158d11b30cf4036e30d5909bcf7b274646863.png",
    "price": 90,
    "solds": 38779,
    "originPrice": 130,
    "imgUrl1": "//p1.meituan.net/scarlett/158d11b30cf4036e30d5909bcf7b274646863.png",
    "price1": 50,
    "solds1": 1079,
    "tuangou": "3",
    "originPrice11": 70,
    "dealtitle": "蛋糕",
    "price11": 29,
    "solds111": 19020,
    "originPrice111": 50,
    "dealtitle2": "单人餐7元起",
    "price2": 7,
    "originPrice2": 30,
    "solds2": 3503,
    "originPrice3": 90,
    "dealtitle3": "多人餐20元起",
    "price113": 20,
    "originPrice113": 90,
    "solds1113": 3523,
    "url": "https://p1.meituan.net/deal/2c3487cace8c4334f6798a5a026e2f9741746.jpg",
    "caipin": "满园春色178元，浓情蜜意178元，心愿盒子178元，梦幻黑森林188元",
    "count": 614,
    "isPositive": 1,
    "tag": "上菜快",
    "count1": 409,
    "isPositive1": 1,
    "tag1": "回头客",
    "count2": 389,
    "isPositive2": 1,
    "tag2": "干净卫生",
    "count3": 340,
    "isPositive3": 1,
    "tag3": "高大上",
    "count4": 400,
    "isPositive4": 1,
    "tag4": "请客",
    "count5": 200,
    "isPositive5": 1,
    "tag5": "朋友聚餐",
    "count6": 803,
    "isPositive6": 1,
    "tag6": "家庭聚餐",
    "comment": "非常棒，地理位置非常方便寻找，停车场还算比较方便，餐厅环境真的很好，传统的古色古香风格，而且餐厅空间很大哦😃！...",
    "username": "kevin豆豆",
    "feedbacktime": "2019-02-21",
    "orderid": 14538,
    "mname00": "邮电会议中心阳坊大都涮肉",
    "mtitle00": "四人套餐，提供免费WiFi",
    "range00": "北京大学",
    "squareimgurl00": "//p1.meituan.net/deal/__39584080__7046693.jpg",
    "solds00": 4115,
    "price00": 178,
    "mname11": "全聚德",
    "mtitle11": "精品烤鸭3-4人餐1份",
    "range11": "天安门广场",
    "squareimgurl1": "//p1.meituan.net/deal/ebee186962d71b90044b46422df4faa540449.jpg",
    "solds11": 3051,
    "price011": 418,
    "mname22": "京都老北京涮肉",
    "mtitle22": "精品烤鸭3-4人餐1份",
    "range22": "前门/大栅栏",
    "squareimgurl22": "//p1.meituan.net/deal/d0f7f839bed9d7f11ac8fde92019bb0353728.jpg",
    "solds22": 4115,
    "price22": 118,
    "mname33": "九门轩烤鸭店",
    "mtitle33": "烤鸭2-3人餐，提供免费WiFi",
    "range33": "前门/大栅栏",
    "squareimgurl33": "//p1.meituan.net/deal/f8584d03ff2f0bc81fb2cf2975508bad54403.jpg",
    "solds0133": 26632,
    "price33": 123,
    "shopName11": "镇三关重庆老火锅(工体旗舰店)",
    "imgUrl0111": "https://img.meituan.net/msmerchant/bce80f1ae76807f5eb133489909a12c1133814.jpg",
    "region11": "火锅",
    "star11": 5,
    "distanceLabel11": ">5km",
    "shopName22": "重庆疯子火锅(悠乐汇店)",
    "imgUrl022": "//img.meituan.net/msmerchant/63626a412d6c7e2d99ffd28d1a4f93f144295.jpg",
    "region22": "火锅",
    "star22": 4.6,
    "distanceLabel22": ">5km",
    "shopName33": "宽板凳老灶火锅(清华同方店)",
    "imgUrl0133": "https://img.meituan.net/msmerchant/0cc61bab1e2cebc03fda055c1ee784e31128317.png",
    "region33": "火锅",
    "star33": 4,
    "distanceLabel33": ">5km"
  },
  {
    "shopname": "喵Lady猫主题西餐",
    "poiid": "152531024",
    "imageurl": "https://img.meituan.net/180.180/msmerchant/50d394c25d9a1bfc88d5d1fa46b100cf525952.jpg",
    "imd": "回龙观",
    "daijingquan": 2,
    "imgUrl": "//p1.meituan.net/scarlett/158d11b30cf4036e30d5909bcf7b274646863.png",
    "price": 90,
    "solds": 38779,
    "originPrice": 130,
    "imgUrl1": "//p1.meituan.net/scarlett/158d11b30cf4036e30d5909bcf7b274646863.png",
    "price1": 50,
    "solds1": 1079,
    "tuangou": "3",
    "originPrice11": 70,
    "dealtitle": "蛋糕",
    "price11": 29,
    "solds111": 19020,
    "originPrice111": 50,
    "dealtitle2": "单人餐7元起",
    "price2": 7,
    "originPrice2": 30,
    "solds2": 3503,
    "originPrice3": 90,
    "dealtitle3": "多人餐20元起",
    "price113": 20,
    "originPrice113": 90,
    "solds1113": 3523,
    "url": "https://p1.meituan.net/deal/2c3487cace8c4334f6798a5a026e2f9741746.jpg",
    "caipin": "满园春色178元，浓情蜜意178元，心愿盒子178元，梦幻黑森林188元",
    "count": 614,
    "isPositive": 1,
    "tag": "上菜快",
    "count1": 409,
    "isPositive1": 1,
    "tag1": "回头客",
    "count2": 389,
    "isPositive2": 1,
    "tag2": "干净卫生",
    "count3": 340,
    "isPositive3": 1,
    "tag3": "高大上",
    "count4": 400,
    "isPositive4": 1,
    "tag4": "请客",
    "count5": 200,
    "isPositive5": 1,
    "tag5": "朋友聚餐",
    "count6": 803,
    "isPositive6": 1,
    "tag6": "家庭聚餐",
    "comment": "非常棒，地理位置非常方便寻找，停车场还算比较方便，餐厅环境真的很好，传统的古色古香风格，而且餐厅空间很大哦😃！...",
    "username": "kevin豆豆",
    "feedbacktime": "2019-02-21",
    "orderid": 14538,
    "mname00": "邮电会议中心阳坊大都涮肉",
    "mtitle00": "四人套餐，提供免费WiFi",
    "range00": "北京大学",
    "squareimgurl00": "//p1.meituan.net/deal/__39584080__7046693.jpg",
    "solds00": 4115,
    "price00": 178,
    "mname11": "全聚德",
    "mtitle11": "精品烤鸭3-4人餐1份",
    "range11": "天安门广场",
    "squareimgurl1": "//p1.meituan.net/deal/ebee186962d71b90044b46422df4faa540449.jpg",
    "solds11": 3051,
    "price011": 418,
    "mname22": "京都老北京涮肉",
    "mtitle22": "精品烤鸭3-4人餐1份",
    "range22": "前门/大栅栏",
    "squareimgurl22": "//p1.meituan.net/deal/d0f7f839bed9d7f11ac8fde92019bb0353728.jpg",
    "solds22": 4115,
    "price22": 118,
    "mname33": "九门轩烤鸭店",
    "mtitle33": "烤鸭2-3人餐，提供免费WiFi",
    "range33": "前门/大栅栏",
    "squareimgurl33": "//p1.meituan.net/deal/f8584d03ff2f0bc81fb2cf2975508bad54403.jpg",
    "solds0133": 26632,
    "price33": 123,
    "shopName11": "镇三关重庆老火锅(工体旗舰店)",
    "imgUrl0111": "https://img.meituan.net/msmerchant/bce80f1ae76807f5eb133489909a12c1133814.jpg",
    "region11": "火锅",
    "star11": 5,
    "distanceLabel11": ">5km",
    "shopName22": "重庆疯子火锅(悠乐汇店)",
    "imgUrl022": "//img.meituan.net/msmerchant/63626a412d6c7e2d99ffd28d1a4f93f144295.jpg",
    "region22": "火锅",
    "star22": 4.6,
    "distanceLabel22": ">5km",
    "shopName33": "宽板凳老灶火锅(清华同方店)",
    "imgUrl0133": "https://img.meituan.net/msmerchant/0cc61bab1e2cebc03fda055c1ee784e31128317.png",
    "region33": "火锅",
    "star33": 4,
    "distanceLabel33": ">5km"
  },
  {
    "shopname": "徽湘小镇",
    "poiid": "160109286",
    "imageurl": "https://img.meituan.net/msmerchant/bde0da19665642aa93cd30f1a91ecdde78891.jpg",
    "imd": "回龙观",
    "daijingquan": 2,
    "imgUrl": "//p0.meituan.net/deal/a551f824371af57fb44f069fd1d7487f61857.jpg",
    "price": 90,
    "solds": 38779,
    "originPrice": 130,
    "imgUrl1": "//p0.meituan.net/deal/a551f824371af57fb44f069fd1d7487f61857.jpg",
    "price1": 50,
    "solds1": 1079,
    "tuangou": "3",
    "originPrice11": 70,
    "dealtitle": "招牌排骨饭单人餐",
    "price11": 21,
    "solds111": 19020,
    "originPrice111": 30,
    "dealtitle2": "单人强骨饭套餐",
    "price2": 34,
    "originPrice2": 36,
    "solds2": 3503,
    "originPrice3": 35,
    "dealtitle3": "多人强骨饭套餐",
    "price113": 50,
    "originPrice113": 80,
    "solds1113": 3523,
    "url": "https://img.meituan.net/msmerchant/bde0da19665642aa93cd30f1a91ecdde78891.jpg",
    "caipin": "强骨头饭 排骨饭 牛腩饭 咖喱鸡",
    "count": 614,
    "isPositive": 1,
    "tag": "上菜快",
    "count1": 409,
    "isPositive1": 1,
    "tag1": "回头客",
    "count2": 389,
    "isPositive2": 1,
    "tag2": "干净卫生",
    "count3": 340,
    "isPositive3": 1,
    "tag3": "高大上",
    "count4": 400,
    "isPositive4": 1,
    "tag4": "请客",
    "count5": 200,
    "isPositive5": 1,
    "tag5": "朋友聚餐",
    "count6": 803,
    "isPositive6": 1,
    "tag6": "家庭聚餐",
    "comment": "非常棒，地理位置非常方便寻找，停车场还算比较方便，餐厅环境真的很好，传统的古色古香风格，而且餐厅空间很大哦😃！...",
    "username": "kevin豆豆",
    "feedbacktime": "2019-02-21",
    "orderid": 14538,
    "mname00": "邮电会议中心阳坊大都涮肉",
    "mtitle00": "四人套餐，提供免费WiFi",
    "range00": "北京大学",
    "squareimgurl00": "//p1.meituan.net/deal/__39584080__7046693.jpg",
    "solds00": 4115,
    "price00": 178,
    "mname11": "全聚德",
    "mtitle11": "精品烤鸭3-4人餐1份",
    "range11": "天安门广场",
    "squareimgurl1": "//p1.meituan.net/deal/ebee186962d71b90044b46422df4faa540449.jpg",
    "solds11": 3051,
    "price011": 418,
    "mname22": "京都老北京涮肉",
    "mtitle22": "精品烤鸭3-4人餐1份",
    "range22": "前门/大栅栏",
    "squareimgurl22": "//p1.meituan.net/deal/d0f7f839bed9d7f11ac8fde92019bb0353728.jpg",
    "solds22": 4115,
    "price22": 118,
    "mname33": "九门轩烤鸭店",
    "mtitle33": "烤鸭2-3人餐，提供免费WiFi",
    "range33": "前门/大栅栏",
    "squareimgurl33": "//p1.meituan.net/deal/f8584d03ff2f0bc81fb2cf2975508bad54403.jpg",
    "solds0133": 26632,
    "price33": 123,
    "shopName11": "镇三关重庆老火锅(工体旗舰店)",
    "imgUrl0111": "https://img.meituan.net/msmerchant/bce80f1ae76807f5eb133489909a12c1133814.jpg",
    "region11": "火锅",
    "star11": 5,
    "distanceLabel11": ">5km",
    "shopName22": "重庆疯子火锅(悠乐汇店)",
    "imgUrl022": "//img.meituan.net/msmerchant/63626a412d6c7e2d99ffd28d1a4f93f144295.jpg",
    "region22": "火锅",
    "star22": 4.6,
    "distanceLabel22": ">5km",
    "shopName33": "宽板凳老灶火锅(清华同方店)",
    "imgUrl0133": "https://img.meituan.net/msmerchant/0cc61bab1e2cebc03fda055c1ee784e31128317.png",
    "region33": "火锅",
    "star33": 4,
    "distanceLabel33": ">5km"
  },
  {
    "shopname": "虾吃虾涮（永旺店）",
    "poiid": "60185787",
    "imageurl": "//p0.meituan.net/mogu/7745705c72699744dc27741c1aaad96f53162.jpg",
    "imd": "回龙观",
    "daijingquan": 2,
    "imgUrl": "//p0.meituan.net/mogu/7745705c72699744dc27741c1aaad96f53162.jpg",
    "price": 90,
    "solds": 38779,
    "originPrice": 130,
    "imgUrl1": "//p0.meituan.net/mogu/7745705c72699744dc27741c1aaad96f53162.jpg",
    "price1": 50,
    "solds1": 1079,
    "tuangou": "3",
    "originPrice11": 70,
    "dealtitle": "双人餐128元",
    "price11": 128,
    "solds111": 19020,
    "originPrice111": 150,
    "dealtitle2": "4人餐198",
    "price2": 198,
    "originPrice2": 320,
    "solds2": 3503,
    "originPrice3": 350,
    "dealtitle3": "6人餐288元",
    "price113": 288,
    "originPrice113": 340,
    "solds1113": 3523,
    "url": "//p0.meituan.net/mogu/7745705c72699744dc27741c1aaad96f53162.jpg",
    "caipin": "双人餐128元，4人餐198元，6人餐288元",
    "count": 614,
    "isPositive": 1,
    "tag": "上菜快",
    "count1": 409,
    "isPositive1": 1,
    "tag1": "回头客",
    "count2": 389,
    "isPositive2": 1,
    "tag2": "干净卫生",
    "count3": 340,
    "isPositive3": 1,
    "tag3": "高大上",
    "count4": 400,
    "isPositive4": 1,
    "tag4": "请客",
    "count5": 200,
    "isPositive5": 1,
    "tag5": "朋友聚餐",
    "count6": 803,
    "isPositive6": 1,
    "tag6": "家庭聚餐",
    "comment": "非常棒，地理位置非常方便寻找，停车场还算比较方便，餐厅环境真的很好，传统的古色古香风格，而且餐厅空间很大哦😃！...",
    "username": "kevin豆豆",
    "feedbacktime": "2019-02-21",
    "orderid": 14538,
    "mname00": "邮电会议中心阳坊大都涮肉",
    "mtitle00": "四人套餐，提供免费WiFi",
    "range00": "北京大学",
    "squareimgurl00": "//p1.meituan.net/deal/__39584080__7046693.jpg",
    "solds00": 4115,
    "price00": 178,
    "mname11": "全聚德",
    "mtitle11": "精品烤鸭3-4人餐1份",
    "range11": "天安门广场",
    "squareimgurl1": "//p1.meituan.net/deal/ebee186962d71b90044b46422df4faa540449.jpg",
    "solds11": 3051,
    "price011": 418,
    "mname22": "京都老北京涮肉",
    "mtitle22": "精品烤鸭3-4人餐1份",
    "range22": "前门/大栅栏",
    "squareimgurl22": "//p1.meituan.net/deal/d0f7f839bed9d7f11ac8fde92019bb0353728.jpg",
    "solds22": 4115,
    "price22": 118,
    "mname33": "九门轩烤鸭店",
    "mtitle33": "烤鸭2-3人餐，提供免费WiFi",
    "range33": "前门/大栅栏",
    "squareimgurl33": "//p1.meituan.net/deal/f8584d03ff2f0bc81fb2cf2975508bad54403.jpg",
    "solds0133": 26632,
    "price33": 123,
    "shopName11": "镇三关重庆老火锅(工体旗舰店)",
    "imgUrl0111": "https://img.meituan.net/msmerchant/bce80f1ae76807f5eb133489909a12c1133814.jpg",
    "region11": "火锅",
    "star11": 5,
    "distanceLabel11": ">5km",
    "shopName22": "重庆疯子火锅(悠乐汇店)",
    "imgUrl022": "//img.meituan.net/msmerchant/63626a412d6c7e2d99ffd28d1a4f93f144295.jpg",
    "region22": "火锅",
    "star22": 4.6,
    "distanceLabel22": ">5km",
    "shopName33": "宽板凳老灶火锅(清华同方店)",
    "imgUrl0133": "https://img.meituan.net/msmerchant/0cc61bab1e2cebc03fda055c1ee784e31128317.png",
    "region33": "火锅",
    "star33": 4,
    "distanceLabel33": ">5km"
  },
  {
    "shopname": "小恒水饺（昌平永旺店）",
    "poiid": "117262984",
    "imageurl": "//p0.meituan.net/mogu/7745705c72699744dc27741c1aaad96f53162.jpg",
    "imd": "回龙观",
    "daijingquan": 2,
    "imgUrl": "//p0.meituan.net/mogu/7745705c72699744dc27741c1aaad96f53162.jpg",
    "price": 90,
    "solds": 38779,
    "originPrice": 130,
    "imgUrl1": "//p0.meituan.net/200.0/deal/04932f5d194200ea528ef2f73e85365128937.jpg",
    "price1": 50,
    "solds1": 1079,
    "tuangou": "3",
    "originPrice11": 70,
    "dealtitle": "小恒单人A套餐",
    "price11": 18,
    "solds111": 19020,
    "originPrice111": 28,
    "dealtitle2": "小恒单人B套餐",
    "price2": 28,
    "originPrice2": 32,
    "solds2": 3503,
    "originPrice3": 35,
    "dealtitle3": "小恒多人套餐",
    "price113": 40,
    "originPrice113": 340,
    "solds1113": 3523,
    "url": "//p0.meituan.net/200.0/deal/04932f5d194200ea528ef2f73e85365128937.jpg",
    "caipin": "小恒单人B套餐28元，小恒多人套餐35元",
    "count": 614,
    "isPositive": 1,
    "tag": "上菜快",
    "count1": 409,
    "isPositive1": 1,
    "tag1": "回头客",
    "count2": 389,
    "isPositive2": 1,
    "tag2": "干净卫生",
    "count3": 340,
    "isPositive3": 1,
    "tag3": "高大上",
    "count4": 400,
    "isPositive4": 1,
    "tag4": "请客",
    "count5": 200,
    "isPositive5": 1,
    "tag5": "朋友聚餐",
    "count6": 803,
    "isPositive6": 1,
    "tag6": "家庭聚餐",
    "comment": "非常棒，地理位置非常方便寻找，停车场还算比较方便，餐厅环境真的很好，传统的古色古香风格，而且餐厅空间很大哦😃！...",
    "username": "kevin豆豆",
    "feedbacktime": "2019-02-21",
    "orderid": 14538,
    "mname00": "邮电会议中心阳坊大都涮肉",
    "mtitle00": "四人套餐，提供免费WiFi",
    "range00": "北京大学",
    "squareimgurl00": "//p1.meituan.net/deal/__39584080__7046693.jpg",
    "solds00": 4115,
    "price00": 178,
    "mname11": "全聚德",
    "mtitle11": "精品烤鸭3-4人餐1份",
    "range11": "天安门广场",
    "squareimgurl1": "//p1.meituan.net/deal/ebee186962d71b90044b46422df4faa540449.jpg",
    "solds11": 3051,
    "price011": 418,
    "mname22": "京都老北京涮肉",
    "mtitle22": "精品烤鸭3-4人餐1份",
    "range22": "前门/大栅栏",
    "squareimgurl22": "//p1.meituan.net/deal/d0f7f839bed9d7f11ac8fde92019bb0353728.jpg",
    "solds22": 4115,
    "price22": 118,
    "mname33": "九门轩烤鸭店",
    "mtitle33": "烤鸭2-3人餐，提供免费WiFi",
    "range33": "前门/大栅栏",
    "squareimgurl33": "//p1.meituan.net/deal/f8584d03ff2f0bc81fb2cf2975508bad54403.jpg",
    "solds0133": 26632,
    "price33": 123,
    "shopName11": "镇三关重庆老火锅(工体旗舰店)",
    "imgUrl0111": "https://img.meituan.net/msmerchant/bce80f1ae76807f5eb133489909a12c1133814.jpg",
    "region11": "火锅",
    "star11": 5,
    "distanceLabel11": ">5km",
    "shopName22": "重庆疯子火锅(悠乐汇店)",
    "imgUrl022": "//img.meituan.net/msmerchant/63626a412d6c7e2d99ffd28d1a4f93f144295.jpg",
    "region22": "火锅",
    "star22": 4.6,
    "distanceLabel22": ">5km",
    "shopName33": "宽板凳老灶火锅(清华同方店)",
    "imgUrl0133": "https://img.meituan.net/msmerchant/0cc61bab1e2cebc03fda055c1ee784e31128317.png",
    "region33": "火锅",
    "star33": 4,
    "distanceLabel33": ">5km"
  },
  {
    "shopname": "Hash汉堡",
    "poiid": "152521321",
    "imageurl": "https://p0.meituan.net/180.180/bbia/38164fc0dafe8219bdcf96a396d3c96d365305.jpg",
    "imd": "回龙观",
    "daijingquan": 2,
    "imgUrl": "https://p0.meituan.net/deal/38164fc0dafe8219bdcf96a396d3c96d365305.jpg",
    "price": 90,
    "solds": 38779,
    "originPrice": 130,
    "imgUrl1": "https://p0.meituan.net/180.180/bbia/38164fc0dafe8219bdcf96a396d3c96d365305.jpg",
    "price1": 50,
    "solds1": 1079,
    "tuangou": "3",
    "originPrice11": 70,
    "dealtitle": "经典牛排自助餐",
    "price11": 73,
    "solds111": 19020,
    "originPrice111": 78,
    "dealtitle2": "尊贵牛排自助餐",
    "price2": 93,
    "originPrice2": 98,
    "solds2": 3503,
    "originPrice3": 128,
    "dealtitle3": "至尊牛排自助餐",
    "price113": 123,
    "originPrice113": 128,
    "solds1113": 3523,
    "url": "https://p0.meituan.net/deal/38164fc0dafe8219bdcf96a396d3c96d365305.jpg",
    "caipin": "招牌烤鸭 牛排 大虾 寿司 水果沙拉 菠萝古老肉",
    "count": 614,
    "isPositive": 1,
    "tag": "上菜快",
    "count1": 409,
    "isPositive1": 1,
    "tag1": "回头客",
    "count2": 389,
    "isPositive2": 1,
    "tag2": "干净卫生",
    "count3": 340,
    "isPositive3": 1,
    "tag3": "高大上",
    "count4": 400,
    "isPositive4": 1,
    "tag4": "请客",
    "count5": 200,
    "isPositive5": 1,
    "tag5": "朋友聚餐",
    "count6": 803,
    "isPositive6": 1,
    "tag6": "家庭聚餐",
    "comment": "非常棒，地理位置非常方便寻找，停车场还算比较方便，餐厅环境真的很好，传统的古色古香风格，而且餐厅空间很大哦😃！...",
    "username": "kevin豆豆",
    "feedbacktime": "2019-02-21",
    "orderid": 14538,
    "mname00": "邮电会议中心阳坊大都涮肉",
    "mtitle00": "四人套餐，提供免费WiFi",
    "range00": "北京大学",
    "squareimgurl00": "//p1.meituan.net/deal/__39584080__7046693.jpg",
    "solds00": 4115,
    "price00": 178,
    "mname11": "全聚德",
    "mtitle11": "精品烤鸭3-4人餐1份",
    "range11": "天安门广场",
    "squareimgurl1": "//p1.meituan.net/deal/ebee186962d71b90044b46422df4faa540449.jpg",
    "solds11": 3051,
    "price011": 418,
    "mname22": "京都老北京涮肉",
    "mtitle22": "精品烤鸭3-4人餐1份",
    "range22": "前门/大栅栏",
    "squareimgurl22": "//p1.meituan.net/deal/d0f7f839bed9d7f11ac8fde92019bb0353728.jpg",
    "solds22": 4115,
    "price22": 118,
    "mname33": "九门轩烤鸭店",
    "mtitle33": "烤鸭2-3人餐，提供免费WiFi",
    "range33": "前门/大栅栏",
    "squareimgurl33": "//p1.meituan.net/deal/f8584d03ff2f0bc81fb2cf2975508bad54403.jpg",
    "solds0133": 26632,
    "price33": 123,
    "shopName11": "镇三关重庆老火锅(工体旗舰店)",
    "imgUrl0111": "https://img.meituan.net/msmerchant/bce80f1ae76807f5eb133489909a12c1133814.jpg",
    "region11": "火锅",
    "star11": 5,
    "distanceLabel11": ">5km",
    "shopName22": "重庆疯子火锅(悠乐汇店)",
    "imgUrl022": "//img.meituan.net/msmerchant/63626a412d6c7e2d99ffd28d1a4f93f144295.jpg",
    "region22": "火锅",
    "star22": 4.6,
    "distanceLabel22": ">5km",
    "shopName33": "宽板凳老灶火锅(清华同方店)",
    "imgUrl0133": "https://img.meituan.net/msmerchant/0cc61bab1e2cebc03fda055c1ee784e31128317.png",
    "region33": "火锅",
    "star33": 4,
    "distanceLabel33": ">5km"
  },
  {
    "shopname": "犟骨头排骨饭（生命科学园店）",
    "poiid": "179268816",
    "imageurl": "https://img.meituan.net/msmerchant/bde0da19665642aa93cd30f1a91ecdde78891.jpg",
    "imd": "回龙观",
    "daijingquan": 2,
    "imgUrl": "//p0.meituan.net/deal/a551f824371af57fb44f069fd1d7487f61857.jpg",
    "price": 90,
    "solds": 38779,
    "originPrice": 130,
    "imgUrl1": "//p0.meituan.net/deal/a551f824371af57fb44f069fd1d7487f61857.jpg",
    "price1": 50,
    "solds1": 1079,
    "tuangou": "3",
    "originPrice11": 70,
    "dealtitle": "招牌排骨饭单人餐",
    "price11": 21,
    "solds111": 19020,
    "originPrice111": 30,
    "dealtitle2": "单人强骨饭套餐",
    "price2": 34,
    "originPrice2": 36,
    "solds2": 3503,
    "originPrice3": 35,
    "dealtitle3": "多人强骨饭套餐",
    "price113": 50,
    "originPrice113": 80,
    "solds1113": 3523,
    "url": "https://img.meituan.net/msmerchant/bde0da19665642aa93cd30f1a91ecdde78891.jpg",
    "caipin": "强骨头饭 排骨饭 牛腩饭 咖喱鸡",
    "count": 614,
    "isPositive": 1,
    "tag": "上菜快",
    "count1": 409,
    "isPositive1": 1,
    "tag1": "回头客",
    "count2": 389,
    "isPositive2": 1,
    "tag2": "干净卫生",
    "count3": 340,
    "isPositive3": 1,
    "tag3": "高大上",
    "count4": 400,
    "isPositive4": 1,
    "tag4": "请客",
    "count5": 200,
    "isPositive5": 1,
    "tag5": "朋友聚餐",
    "count6": 803,
    "isPositive6": 1,
    "tag6": "家庭聚餐",
    "comment": "非常棒，地理位置非常方便寻找，停车场还算比较方便，餐厅环境真的很好，传统的古色古香风格，而且餐厅空间很大哦😃！...",
    "username": "kevin豆豆",
    "feedbacktime": "2019-02-21",
    "orderid": 14538,
    "mname00": "邮电会议中心阳坊大都涮肉",
    "mtitle00": "四人套餐，提供免费WiFi",
    "range00": "北京大学",
    "squareimgurl00": "//p1.meituan.net/deal/__39584080__7046693.jpg",
    "solds00": 4115,
    "price00": 178,
    "mname11": "全聚德",
    "mtitle11": "精品烤鸭3-4人餐1份",
    "range11": "天安门广场",
    "squareimgurl1": "//p1.meituan.net/deal/ebee186962d71b90044b46422df4faa540449.jpg",
    "solds11": 3051,
    "price011": 418,
    "mname22": "京都老北京涮肉",
    "mtitle22": "精品烤鸭3-4人餐1份",
    "range22": "前门/大栅栏",
    "squareimgurl22": "//p1.meituan.net/deal/d0f7f839bed9d7f11ac8fde92019bb0353728.jpg",
    "solds22": 4115,
    "price22": 118,
    "mname33": "九门轩烤鸭店",
    "mtitle33": "烤鸭2-3人餐，提供免费WiFi",
    "range33": "前门/大栅栏",
    "squareimgurl33": "//p1.meituan.net/deal/f8584d03ff2f0bc81fb2cf2975508bad54403.jpg",
    "solds0133": 26632,
    "price33": 123,
    "shopName11": "镇三关重庆老火锅(工体旗舰店)",
    "imgUrl0111": "https://img.meituan.net/msmerchant/bce80f1ae76807f5eb133489909a12c1133814.jpg",
    "region11": "火锅",
    "star11": 5,
    "distanceLabel11": ">5km",
    "shopName22": "重庆疯子火锅(悠乐汇店)",
    "imgUrl022": "//img.meituan.net/msmerchant/63626a412d6c7e2d99ffd28d1a4f93f144295.jpg",
    "region22": "火锅",
    "star22": 4.6,
    "distanceLabel22": ">5km",
    "shopName33": "宽板凳老灶火锅(清华同方店)",
    "imgUrl0133": "https://img.meituan.net/msmerchant/0cc61bab1e2cebc03fda055c1ee784e31128317.png",
    "region33": "火锅",
    "star33": 4,
    "distanceLabel33": ">5km"
  },
  {
    "shopname": "武松家的蛙大侠（沙河店）",
    "poiid": "188876958",
    "imageurl": "https://p0.meituan.net/180.180/bbia/38164fc0dafe8219bdcf96a396d3c96d365305.jpg",
    "imd": "回龙观",
    "daijingquan": 2,
    "imgUrl": "https://p0.meituan.net/deal/38164fc0dafe8219bdcf96a396d3c96d365305.jpg",
    "price": 90,
    "solds": 38779,
    "originPrice": 130,
    "imgUrl1": "https://p0.meituan.net/180.180/bbia/38164fc0dafe8219bdcf96a396d3c96d365305.jpg",
    "price1": 50,
    "solds1": 1079,
    "tuangou": "3",
    "originPrice11": 70,
    "dealtitle": "经典牛排自助餐",
    "price11": 73,
    "solds111": 19020,
    "originPrice111": 78,
    "dealtitle2": "尊贵牛排自助餐",
    "price2": 93,
    "originPrice2": 98,
    "solds2": 3503,
    "originPrice3": 128,
    "dealtitle3": "至尊牛排自助餐",
    "price113": 123,
    "originPrice113": 128,
    "solds1113": 3523,
    "url": "https://p0.meituan.net/deal/38164fc0dafe8219bdcf96a396d3c96d365305.jpg",
    "caipin": "招牌烤鸭 牛排 大虾 寿司 水果沙拉 菠萝古老肉",
    "count": 614,
    "isPositive": 1,
    "tag": "上菜快",
    "count1": 409,
    "isPositive1": 1,
    "tag1": "回头客",
    "count2": 389,
    "isPositive2": 1,
    "tag2": "干净卫生",
    "count3": 340,
    "isPositive3": 1,
    "tag3": "高大上",
    "count4": 400,
    "isPositive4": 1,
    "tag4": "请客",
    "count5": 200,
    "isPositive5": 1,
    "tag5": "朋友聚餐",
    "count6": 803,
    "isPositive6": 1,
    "tag6": "家庭聚餐",
    "comment": "非常棒，地理位置非常方便寻找，停车场还算比较方便，餐厅环境真的很好，传统的古色古香风格，而且餐厅空间很大哦😃！...",
    "username": "kevin豆豆",
    "feedbacktime": "2019-02-21",
    "orderid": 14538,
    "mname00": "邮电会议中心阳坊大都涮肉",
    "mtitle00": "四人套餐，提供免费WiFi",
    "range00": "北京大学",
    "squareimgurl00": "//p1.meituan.net/deal/__39584080__7046693.jpg",
    "solds00": 4115,
    "price00": 178,
    "mname11": "全聚德",
    "mtitle11": "精品烤鸭3-4人餐1份",
    "range11": "天安门广场",
    "squareimgurl1": "//p1.meituan.net/deal/ebee186962d71b90044b46422df4faa540449.jpg",
    "solds11": 3051,
    "price011": 418,
    "mname22": "京都老北京涮肉",
    "mtitle22": "精品烤鸭3-4人餐1份",
    "range22": "前门/大栅栏",
    "squareimgurl22": "//p1.meituan.net/deal/d0f7f839bed9d7f11ac8fde92019bb0353728.jpg",
    "solds22": 4115,
    "price22": 118,
    "mname33": "九门轩烤鸭店",
    "mtitle33": "烤鸭2-3人餐，提供免费WiFi",
    "range33": "前门/大栅栏",
    "squareimgurl33": "//p1.meituan.net/deal/f8584d03ff2f0bc81fb2cf2975508bad54403.jpg",
    "solds0133": 26632,
    "price33": 123,
    "shopName11": "镇三关重庆老火锅(工体旗舰店)",
    "imgUrl0111": "https://img.meituan.net/msmerchant/bce80f1ae76807f5eb133489909a12c1133814.jpg",
    "region11": "火锅",
    "star11": 5,
    "distanceLabel11": ">5km",
    "shopName22": "重庆疯子火锅(悠乐汇店)",
    "imgUrl022": "//img.meituan.net/msmerchant/63626a412d6c7e2d99ffd28d1a4f93f144295.jpg",
    "region22": "火锅",
    "star22": 4.6,
    "distanceLabel22": ">5km",
    "shopName33": "宽板凳老灶火锅(清华同方店)",
    "imgUrl0133": "https://img.meituan.net/msmerchant/0cc61bab1e2cebc03fda055c1ee784e31128317.png",
    "region33": "火锅",
    "star33": 4,
    "distanceLabel33": ">5km"
  },
  {
    "shopname": "Haha超市",
    "poiid": "112997773",
    "imageurl": "https://img.meituan.net/msmerchant/d696369c92a0cbb70504105a70e93a29115474.jpg",
    "imd": "回龙观",
    "daijingquan": 2,
    "imgUrl": "https://p1.meituan.net/deal/6925ab14e46330642519ae2bcdd1edbf94028.jpg",
    "price": 90,
    "solds": 38779,
    "originPrice": 130,
    "imgUrl1": "https://img.meituan.net/msmerchant/d696369c92a0cbb70504105a70e93a29115474.jpg",
    "price1": 50,
    "solds1": 1079,
    "tuangou": "3",
    "originPrice11": 70,
    "dealtitle": "双人套餐",
    "price11": 138,
    "solds111": 9020,
    "originPrice111": 178,
    "dealtitle2": "四人套餐",
    "price2": 249,
    "originPrice2": 312,
    "solds2": 3503,
    "originPrice3": 581,
    "dealtitle3": "六人套餐",
    "price113": 449,
    "originPrice113": 581,
    "solds1113": 3523,
    "url": "https://p1.meituan.net/deal/6925ab14e46330642519ae2bcdd1edbf94028.jpg",
    "caipin": "宽粉 红锅 油豆皮 鱼豆腐 油条 相间肥牛",
    "count": 614,
    "isPositive": 1,
    "tag": "上菜快",
    "count1": 409,
    "isPositive1": 1,
    "tag1": "回头客",
    "count2": 389,
    "isPositive2": 1,
    "tag2": "干净卫生",
    "count3": 340,
    "isPositive3": 1,
    "tag3": "高大上",
    "count4": 400,
    "isPositive4": 1,
    "tag4": "请客",
    "count5": 200,
    "isPositive5": 1,
    "tag5": "朋友聚餐",
    "count6": 803,
    "isPositive6": 1,
    "tag6": "家庭聚餐",
    "comment": "非常棒，地理位置非常方便寻找，停车场还算比较方便，餐厅环境真的很好，传统的古色古香风格，而且餐厅空间很大哦😃！...",
    "username": "kevin豆豆",
    "feedbacktime": "2019-02-21",
    "orderid": 14538,
    "mname00": "邮电会议中心阳坊大都涮肉",
    "mtitle00": "四人套餐，提供免费WiFi",
    "range00": "北京大学",
    "squareimgurl00": "//p1.meituan.net/deal/__39584080__7046693.jpg",
    "solds00": 4115,
    "price00": 178,
    "mname11": "全聚德",
    "mtitle11": "精品烤鸭3-4人餐1份",
    "range11": "天安门广场",
    "squareimgurl1": "//p1.meituan.net/deal/ebee186962d71b90044b46422df4faa540449.jpg",
    "solds11": 3051,
    "price011": 418,
    "mname22": "京都老北京涮肉",
    "mtitle22": "精品烤鸭3-4人餐1份",
    "range22": "前门/大栅栏",
    "squareimgurl22": "//p1.meituan.net/deal/d0f7f839bed9d7f11ac8fde92019bb0353728.jpg",
    "solds22": 4115,
    "price22": 118,
    "mname33": "九门轩烤鸭店",
    "mtitle33": "烤鸭2-3人餐，提供免费WiFi",
    "range33": "前门/大栅栏",
    "squareimgurl33": "//p1.meituan.net/deal/f8584d03ff2f0bc81fb2cf2975508bad54403.jpg",
    "solds0133": 26632,
    "price33": 123,
    "shopName11": "镇三关重庆老火锅(工体旗舰店)",
    "imgUrl0111": "https://img.meituan.net/msmerchant/bce80f1ae76807f5eb133489909a12c1133814.jpg",
    "region11": "火锅",
    "star11": 5,
    "distanceLabel11": ">5km",
    "shopName22": "重庆疯子火锅(悠乐汇店)",
    "imgUrl022": "//img.meituan.net/msmerchant/63626a412d6c7e2d99ffd28d1a4f93f144295.jpg",
    "region22": "火锅",
    "star22": 4.6,
    "distanceLabel22": ">5km",
    "shopName33": "宽板凳老灶火锅(清华同方店)",
    "imgUrl0133": "https://img.meituan.net/msmerchant/0cc61bab1e2cebc03fda055c1ee784e31128317.png",
    "region33": "火锅",
    "star33": 4,
    "distanceLabel33": ">5km"
  },
  {
    "shopname": "西焱牛排自助（珠江摩尔店）",
    "poiid": "184605067",
    "imageurl": "https://img.meituan.net/msmerchant/b6a05c00a7c81365e61698a64ef7f0b430378.jpg",
    "imd": "回龙观",
    "daijingquan": 2,
    "imgUrl": "https://p1.meituan.net/200.0/deal/015f001e9aff3098c9ca3a825bdd94e1130282.jpg",
    "price": 90,
    "solds": 38779,
    "originPrice": 130,
    "imgUrl1": "https://img.meituan.net/msmerchant/b6a05c00a7c81365e61698a64ef7f0b430378.jpg",
    "price1": 50,
    "solds1": 1079,
    "tuangou": "3",
    "originPrice11": 70,
    "dealtitle": "2-3人牛蛙套餐",
    "price11": 90,
    "solds111": 19020,
    "originPrice111": 100,
    "dealtitle2": "单人套餐",
    "price2": 30,
    "originPrice2": 36,
    "solds2": 3503,
    "originPrice3": 35,
    "dealtitle3": "牛蛙锅",
    "price113": 60,
    "originPrice113": 90,
    "solds1113": 3523,
    "url": "https://p1.meituan.net/200.0/deal/015f001e9aff3098c9ca3a825bdd94e1130282.jpg",
    "caipin": "招牌紫苏牛蛙锅 红枣豆浆 白香果汁 烤牛蛙",
    "count": 614,
    "isPositive": 1,
    "tag": "上菜快",
    "count1": 409,
    "isPositive1": 1,
    "tag1": "回头客",
    "count2": 389,
    "isPositive2": 1,
    "tag2": "干净卫生",
    "count3": 340,
    "isPositive3": 1,
    "tag3": "高大上",
    "count4": 400,
    "isPositive4": 1,
    "tag4": "请客",
    "count5": 200,
    "isPositive5": 1,
    "tag5": "朋友聚餐",
    "count6": 803,
    "isPositive6": 1,
    "tag6": "家庭聚餐",
    "comment": "非常棒，地理位置非常方便寻找，停车场还算比较方便，餐厅环境真的很好，传统的古色古香风格，而且餐厅空间很大哦😃！...",
    "username": "kevin豆豆",
    "feedbacktime": "2019-02-21",
    "orderid": 14538,
    "mname00": "邮电会议中心阳坊大都涮肉",
    "mtitle00": "四人套餐，提供免费WiFi",
    "range00": "北京大学",
    "squareimgurl00": "//p1.meituan.net/deal/__39584080__7046693.jpg",
    "solds00": 4115,
    "price00": 178,
    "mname11": "全聚德",
    "mtitle11": "精品烤鸭3-4人餐1份",
    "range11": "天安门广场",
    "squareimgurl1": "//p1.meituan.net/deal/ebee186962d71b90044b46422df4faa540449.jpg",
    "solds11": 3051,
    "price011": 418,
    "mname22": "京都老北京涮肉",
    "mtitle22": "精品烤鸭3-4人餐1份",
    "range22": "前门/大栅栏",
    "squareimgurl22": "//p1.meituan.net/deal/d0f7f839bed9d7f11ac8fde92019bb0353728.jpg",
    "solds22": 4115,
    "price22": 118,
    "mname33": "九门轩烤鸭店",
    "mtitle33": "烤鸭2-3人餐，提供免费WiFi",
    "range33": "前门/大栅栏",
    "squareimgurl33": "//p1.meituan.net/deal/f8584d03ff2f0bc81fb2cf2975508bad54403.jpg",
    "solds0133": 26632,
    "price33": 123,
    "shopName11": "镇三关重庆老火锅(工体旗舰店)",
    "imgUrl0111": "https://img.meituan.net/msmerchant/bce80f1ae76807f5eb133489909a12c1133814.jpg",
    "region11": "火锅",
    "star11": 5,
    "distanceLabel11": ">5km",
    "shopName22": "重庆疯子火锅(悠乐汇店)",
    "imgUrl022": "//img.meituan.net/msmerchant/63626a412d6c7e2d99ffd28d1a4f93f144295.jpg",
    "region22": "火锅",
    "star22": 4.6,
    "distanceLabel22": ">5km",
    "shopName33": "宽板凳老灶火锅(清华同方店)",
    "imgUrl0133": "https://img.meituan.net/msmerchant/0cc61bab1e2cebc03fda055c1ee784e31128317.png",
    "region33": "火锅",
    "star33": 4,
    "distanceLabel33": ">5km"
  },
  {
    "shopname": "玉林串串香火锅（珠江摩尔店）",
    "poiid": "164159914",
    "imageurl": "https://img.meituan.net/msmerchant/d696369c92a0cbb70504105a70e93a29115474.jpg",
    "imd": "回龙观",
    "daijingquan": 2,
    "imgUrl": "https://p1.meituan.net/deal/6925ab14e46330642519ae2bcdd1edbf94028.jpg",
    "price": 90,
    "solds": 38779,
    "originPrice": 130,
    "imgUrl1": "https://img.meituan.net/msmerchant/d696369c92a0cbb70504105a70e93a29115474.jpg",
    "price1": 50,
    "solds1": 1079,
    "tuangou": "3",
    "originPrice11": 70,
    "dealtitle": "双人套餐",
    "price11": 138,
    "solds111": 9020,
    "originPrice111": 178,
    "dealtitle2": "四人套餐",
    "price2": 249,
    "originPrice2": 312,
    "solds2": 3503,
    "originPrice3": 581,
    "dealtitle3": "六人套餐",
    "price113": 449,
    "originPrice113": 581,
    "solds1113": 3523,
    "url": "https://p1.meituan.net/deal/6925ab14e46330642519ae2bcdd1edbf94028.jpg",
    "caipin": "宽粉 红锅 油豆皮 鱼豆腐 油条 相间肥牛",
    "count": 614,
    "isPositive": 1,
    "tag": "上菜快",
    "count1": 409,
    "isPositive1": 1,
    "tag1": "回头客",
    "count2": 389,
    "isPositive2": 1,
    "tag2": "干净卫生",
    "count3": 340,
    "isPositive3": 1,
    "tag3": "高大上",
    "count4": 400,
    "isPositive4": 1,
    "tag4": "请客",
    "count5": 200,
    "isPositive5": 1,
    "tag5": "朋友聚餐",
    "count6": 803,
    "isPositive6": 1,
    "tag6": "家庭聚餐",
    "comment": "非常棒，地理位置非常方便寻找，停车场还算比较方便，餐厅环境真的很好，传统的古色古香风格，而且餐厅空间很大哦😃！...",
    "username": "kevin豆豆",
    "feedbacktime": "2019-02-21",
    "orderid": 14538,
    "mname00": "邮电会议中心阳坊大都涮肉",
    "mtitle00": "四人套餐，提供免费WiFi",
    "range00": "北京大学",
    "squareimgurl00": "//p1.meituan.net/deal/__39584080__7046693.jpg",
    "solds00": 4115,
    "price00": 178,
    "mname11": "全聚德",
    "mtitle11": "精品烤鸭3-4人餐1份",
    "range11": "天安门广场",
    "squareimgurl1": "//p1.meituan.net/deal/ebee186962d71b90044b46422df4faa540449.jpg",
    "solds11": 3051,
    "price011": 418,
    "mname22": "京都老北京涮肉",
    "mtitle22": "精品烤鸭3-4人餐1份",
    "range22": "前门/大栅栏",
    "squareimgurl22": "//p1.meituan.net/deal/d0f7f839bed9d7f11ac8fde92019bb0353728.jpg",
    "solds22": 4115,
    "price22": 118,
    "mname33": "九门轩烤鸭店",
    "mtitle33": "烤鸭2-3人餐，提供免费WiFi",
    "range33": "前门/大栅栏",
    "squareimgurl33": "//p1.meituan.net/deal/f8584d03ff2f0bc81fb2cf2975508bad54403.jpg",
    "solds0133": 26632,
    "price33": 123,
    "shopName11": "镇三关重庆老火锅(工体旗舰店)",
    "imgUrl0111": "https://img.meituan.net/msmerchant/bce80f1ae76807f5eb133489909a12c1133814.jpg",
    "region11": "火锅",
    "star11": 5,
    "distanceLabel11": ">5km",
    "shopName22": "重庆疯子火锅(悠乐汇店)",
    "imgUrl022": "//img.meituan.net/msmerchant/63626a412d6c7e2d99ffd28d1a4f93f144295.jpg",
    "region22": "火锅",
    "star22": 4.6,
    "distanceLabel22": ">5km",
    "shopName33": "宽板凳老灶火锅(清华同方店)",
    "imgUrl0133": "https://img.meituan.net/msmerchant/0cc61bab1e2cebc03fda055c1ee784e31128317.png",
    "region33": "火锅",
    "star33": 4,
    "distanceLabel33": ">5km"
  }
]
















